INSERT INTO tipo_serie(id, precio, tipo) VALUES (1,'STANDARD',0.50);
INSERT INTO tipo_serie(id, precio, tipo) VALUES (2,'SILVER',0.75);
INSERT INTO tipo_serie(id, precio, tipo) VALUES (3,'GOLD',1.50);

INSERT INTO serie(id, descripcion, titulo, tipo_serie_id) VALUES (0, 'Un hacker que quiere acabar con el corporativismo', 'Mr. Robot', 1);
INSERT INTO serie(id, descripcion, titulo, tipo_serie_id) VALUES (1, 'La vida de una tribu vikinga con mucha ambición', 'Vikings', 3);
INSERT INTO serie(id, descripcion, titulo, tipo_serie_id) VALUES (2, 'Un chaval que combate el mal corriendo muy rápido', 'Flash', 2);
INSERT INTO serie(id, descripcion, titulo, tipo_serie_id) VALUES (3, 'Un médico que cura pacientes con la ironía', 'House', 3);
INSERT INTO serie(id, descripcion, titulo, tipo_serie_id) VALUES (4, 'Unos moteros que se creen muy guays', 'Sons of Anarchy', 1);
INSERT INTO serie(id, descripcion, titulo, tipo_serie_id) VALUES (5, 'Un hombre que viaja en el tiempo', 'Dr. Who', 2);

#Mr. Robot
#Temporadas
INSERT INTO temporada(id, num_temporada, serie_id) VALUES (0, 1, 0);
#Episodios
INSERT INTO episodio(id, descripcion, num_episodio, titulo, temporada_id) VALUES (0, 'Elliot Alderson trabaja en Allsafe, una empresa de seguridad informática. Por la noche, se dedica a hackear las cuentas de redes sociales y bancarias de sus amigos y conocidos, además de utilizar sus habilidades para perseguir y entregar a la policía a criminales. Evil Corp, un importante cliente de Allsafe, es atacado. Elliot consigue detener el ataque, y descubre un archivo de log donde encuentra el causante, llamado fsociety. Elliot modifica los permisos de la evidencia para sólo poder acceder él. En el metro, Elliot conoce a Mr. Robot, el líder de fsociety, el grupo hacker responsable del ataque a Evil Corp. Mr. Robot planea realizar una revolución digital borrando todos los registros de deuda de Evil Corp, y convence a Elliot para unirse a la causa e incriminar al actual CTO de la compañia como el causante del ataque, modificando la evidencia, en lugar de entregar a fsociety a las autoridades.', 1, 'eps1.0_hellofriend.mov',0);
INSERT INTO episodio(id, descripcion, num_episodio, titulo, temporada_id) VALUES (1, 'Elliott rechaza una bien remunerada oferta de trabajo ofrecida por Tyrell Wellick, el nuevo CTO provisional de E Corp. En un vídeo público, fsociety pide la liberación de Terry Colby, junto con la disolución de Evil Corp (E Corp). Elliot se está volviendo cada vez más paranoico, y consume más morfina de lo normal. Ha encontrado información comprometida del subministrador de Shayla Fernando Vera y su banda, pero duda si incriminarlo siendo éste su única fuente de suboxone. Pero después de que Fernando abuse de Shayla, Elliot lo entrega a las autoridades. Mr. Robot quiere que Elliot hackee una planta de gas, para causar la explosión de una tubería, destruyendo así Steel Mountain, una instalación adyacente que contiene las copias de seguridad offline de E Corp, pero Elliot no quiere poner en peligro ninguna vida. En su siguiente encuentro con Mr. Robot, éste empuja a Elliot por una barandilla a la playa.', 2, 'eps1.1_ones-and-zer0es.mpeg', 0);
INSERT INTO episodio(id, descripcion, num_episodio, titulo, temporada_id) VALUES (2, 'Tyrell pega una paliza a un mendigo para liberar estrés. Seguidamente, tiene relaciones con un hombre para conseguir instalar un rootkit en su teléfono. Cisco, un supuesto cantante de rap que consigue hackear a Ollie a través de su CD, le chantajea con su affair con una tal Stella para que comprometa la seguridad de AllSafe. Ollie confiesa a Angela su relación secreta, y esta quiere romper con él pero quiere acceder a las peticiones del hacker, ya que su información bancaria ha sido robada del portátil de Ollie, también. Elliot está recuperándose de su caída en el hospital. Mr Robot le pide perdón, pero Elliot se desentiende de fsociety, y piensa que ya no hay nada que le una a esa sociedad. Fsociety revela correos electrónicos que incriminan a Colby de ocultar fugas de vertidos tóxicos en 1993, causantes de la leucemia que mató al padre de Elliot y a la madre de Angela. Elliot cambia de opinión y vuelve a fsociety. Gideon empieza a sospechar de Elliot e investiga su papel en el ataque a E Corp.', 3, 'eps1.2_d3bug.mkv', 0);
INSERT INTO episodio(id, descripcion, num_episodio, titulo, temporada_id) VALUES (3, 'En vez de hacer volar los gasoductos, Elliot planea destruir las cintas de backup en Steel Mountain hackeando el sistema de control de clima, pero esto requiere acceso físico, para lo que una parte del grupo viaja al norte de New York. Sin morfina ni suboxe, Elliot sufre un ataque de abstinencia, y el grupo tienen que esperar a que pasen los síntomas en un hotel. Darlene se queda para contactar a su ex-novio Cisco y organizar un ataque simultaneo realizado por Dark Army a los respaldos en China. Después de una noche en un club con la vecina de Elliot, Angela satisface la demanda de Ollie e infecta Allsafe.', 4, 'eps1.3_da3m0ns.mp4', 0);
INSERT INTO episodio(id, descripcion, num_episodio, titulo, temporada_id) VALUES (4, 'Con la ayuda de fsociety, Elliot se infiltra en Steel Mountain. Las cosas no van muy bien hasta que accidentalmente se encuentra con Tyrell, al final consigue plantar el dispositivo para realizar el ataque. Darlene se entera que Dark Army ha cambiado de opinión acerca de atacar simultáneamente las copias de resguardo en China, lo que pone todo el plan en peligro. En el camino de vuelta de Steel Mountain Elliot recibe una llamada telefónica de Shayla en la que le cuenta que tomó un trabajo de camarera en una cafetería. Angela corta con Ollie después de decirle que ha infectado Allsafe con el CD infectado, y se va a vivir con su padre. Al llegar a su apartamento con Darlene, Elliot encuentra el teléfono de Shayla en el suelo y se entera que fue secuestrada por Fernando.', 5, 'eps1.4_3xpl0its.wmv', 0);
INSERT INTO episodio(id, descripcion, num_episodio, titulo, temporada_id) VALUES (5, 'Isaac, hermano de Fernando, y su amigo DJ le dan unos minutos a Elliot para que pueda hablar en un restaurante con Shayla. Fernando le avisa a Elliot que para recuperar a Shayla tendrá que hackear la cárcel para que las puertas se abran y pueda escapar. De vuelta en su departamento Elliot es vigilado por Isaac mientras trabaja para hackear el sistema de seguridad de la cárcel. Darlene intentará ayudarlo a entrar en la red de la prisión.Fernando hace que DJ ejecute a su hermano. Elliot se entera que a Shayla ya la habían asesinado y que estuvo todo el tiempo en el baúl del auto que les transportaban.', 6, 'eps1.5_br4ve-trave1er.asf', 0);
INSERT INTO episodio(id, descripcion, num_episodio, titulo, temporada_id) VALUES (6, 'El episodio transcurre un mes luego de los incidentes en la prisión, Elliot terminó de cumplir el año de terapia que la justicia le había ordenado. Krista se despide de él pero lo incentiva para que continúe yendo. Unos días después de la última sesión regresa y le confiesa que es un hacker y que ha estado interviniendo sus cuentas.', 7, 'eps1.6_v1ew-s0urce.flv', 0);
INSERT INTO episodio(id, descripcion, num_episodio, titulo, temporada_id) VALUES (7, 'Allsafe, la empresa de seguridad cibernética en la que Elliot trabaja, ha sido hackeada. Ollie, el ex novio de Angela, le pide a Elliot que lleve unos discos rígidos infectados a un local donde los van a blanquear. Al llegar al lugar Elliot se da cuenta de que todo forma parte de un plan que lo lleva a conocer a whiterose.', 8, 'eps1.7_wh1ter0se.m4v', 0);
INSERT INTO episodio(id, descripcion, num_episodio, titulo, temporada_id) VALUES (8, 'Elliot exige saber por qué Mr. Robot no le dijo que estaba vivo durante esos últimos veinte años. Mr. Robot promete llevarlo a un lugar donde Elliot podrá entenderlo todo. De regreso en la casa de su infancia, Elliot y Mr. Robot discuten acerca del incidente de la ventana y Elliot termina empujándolo por la ventana. Elliot se da cuenta que Mr. Robot esta muerto y en realidad una alucinación interna es la que lo ha llevado a realizar todas las acciones de fsociety.', 9, 'eps1.8_m1rr0r1ng.qt', 0);
INSERT INTO episodio(id, descripcion, num_episodio, titulo, temporada_id) VALUES (9, 'Elliot despierta en el auto de Tyrell Wellick sin conocimiento de por qué está ahí o que ha sucedido. Al continuar el episodio se confirma que la destrucción de datos de E Corp realizada por fsociety en conjunto con Dark Army ha sido exitosa y se pueden ver las repercusiones que esta decisión toma en la sociedad.', 10, 'eps1.9_zer0-day.avi', 0);

#Vikings
#Temporadas
INSERT INTO temporada(id, num_temporada, serie_id) VALUES (1, 1, 1);
INSERT INTO temporada(id, num_temporada, serie_id) VALUES (2, 2, 1);
#Episodios
INSERT INTO episodio(id, descripcion, num_episodio, titulo, temporada_id) VALUES (10, 'En plena batalla, Ragnar tiene visiones del dios Odín y sus valquirias. De regreso a casa, y contra la opinión de su mujer, Ladgerda, decide llevar a su hijo Bjorn a Kattegat donde el joven realizará su rito de iniciación. Mientras, Ladgertha, sola en casa junto a sus dos hijos menores, tiene que enfrentarse a dos violadores, de los que se deshace con facilidad. En Kattegat, Ragnar se encuentra con su hermano Rollo, a quien expone su obsesión: es posible navegar hacia el oeste, donde esperan otras tierras y nuevas riquezas.', 1, 'Ritos iniciáticos', 1);
INSERT INTO episodio(id, descripcion, num_episodio, titulo, temporada_id) VALUES (11, 'Tras reunir un grupo de voluntarios, Ragnar, Rollo y Floki se echan a la mar hacia las tierras del oeste. Lagerda también quería participar en la expedición, pero Ragnar se niega violentamente a ello. Un espía informa de todo ello al conde Haraldson, que ordena matar de forma ejemplar al herrero que ha fabricado el ancla de la nueva embarcación. El espía no correrá mejor suerte cuando Siggy, la mujer de Haraldson pone a prueba su fidelidad al conde.', 2, 'La ira de los nórdicos', 1);
INSERT INTO episodio(id, descripcion, num_episodio, titulo, temporada_id) VALUES (12, 'La expedición de Ragnar regresa triunfal a Kattegat, pero allí las fuerzas del conde les despojan del botín, permitiéndoles sólo escoger una pieza por cada hombre. Ragnar elige a Athelstan y regresa a casa. La fe del monje y su voto de castidad le dejan perplejo, pero logra que Athelstan le dé mucha información sobre el reino de Norteumbría.', 3, 'Despojados', 1);
INSERT INTO episodio(id, descripcion, num_episodio, titulo, temporada_id) VALUES (13, 'Los vikingos asaltan un pueblo de Norteumbría causando pocas víctimas, dado que los lugareños están en misa, pero Ladgerda mata a Knut cuando este trata de violarla. Al regresar a la playa, los guerreros derrotan a un amplio número de fuerzas británicas, lideradas por lord Wigea por orden del rey Aelle. De vuelta a Kattegat, Ragnar se inculpa de la muerte de Knut, por lo que el conde Haraldson ordena su detención para ser juzgado por la Thing.', 4, 'Juicio', 1);
INSERT INTO episodio(id, descripcion, num_episodio, titulo, temporada_id) VALUES (14, 'Los hombres del conde Haraldson atacan la granja de Ragnar, matando a todo el que se les pone a tiro. Ragnar, Ladgerda, Athelstan y los niños logran escapar en un barco, pero el cabeza de familia está gravemente herido. La familia se refugia en casa de Floki donde Ragnar se recupera poco a poco.', 5, 'La batida', 1);
INSERT INTO episodio(id, descripcion, num_episodio, titulo, temporada_id) VALUES (15, 'El conde acepta el desafío de Ragnar. Como resultado del combate, Ragnar mata a Haraldson, Rollo mata a Svein, y Siggy mata a su desafortunado yerno. Ragnar es aclamado como nuevo conde y ofrece a su antecesor un funeral de honor en el mar.', 6, 'El funeral', 1);
INSERT INTO episodio(id, descripcion, num_episodio, titulo, temporada_id) VALUES (16, 'Los vikingos levantan un campamento fortificado, asaltan a las fuerzas de Northumbría por la noche y capturan al hermano del rey, Aethelwulf. En un encuentro con el monarca, Ragnar pide 2.000 libras de oro y plata a cambio de su marcha. Aelle acepta pero exige que uno de los vikingos sea bautizado como cristiano.', 7, 'El rescate de un rey', 1);
INSERT INTO episodio(id, descripcion, num_episodio, titulo, temporada_id) VALUES (17, 'Como Ladgerda ya no puede tener más hijos, Ragnar se lleva a su familia y seguidores al templo de Upsala para asistir a un gran rito que se celebra cada nueve años. Allí, jura fidelidad al rey Horik de Dinamarca, quien designa a Ragnar embajador ante el Jarl Borg de Gotaland, un rival que quiere usurpar las tierras de Horik.', 8, 'Sacrificio', 1);
INSERT INTO episodio(id, descripcion, num_episodio, titulo, temporada_id) VALUES (18, 'La embajada de Ragnar ante el conde Jarl Borg en Gotaland falla cuando el rey Horik de Dinamarca rechaza un compromiso acerca de la tierra en disputa. Conducido por la ambición y la envidia, Rollo decide apoyar a Borg en contra de Ragnar en el enfretamiento que se avecina como resultado del desacuerdo.', 9, 'Todo cambia', 1);

INSERT INTO episodio(id, descripcion, num_episodio, titulo, temporada_id) VALUES (19, 'Comienza la batalla entre Ragnar y las fuerzas del rey Horik contra Jarl Borg.', 1, 'Guerra de hermanos',2);
INSERT INTO episodio(id, descripcion, num_episodio, titulo, temporada_id) VALUES (20, 'Han pasado cuatro años de paz desde que Ragnar se convirtió en Earl. Ha llegado el momento de que se produzca una alianza insólita para un objetivo en común: una nueva incursión a Inglaterra.', 2, 'Invasión',2);
INSERT INTO episodio(id, descripcion, num_episodio, titulo, temporada_id) VALUES (21, 'La incursión vikinga a Wessex está en pleno apogeo y el rey Ecbert se encuentra enfrentado a un enemigo diferente.', 3, 'Traición',2);
INSERT INTO episodio(id, descripcion, num_episodio, titulo, temporada_id) VALUES (22, 'La reunión de dos grandes hombres podría allanar el camino para un pacto futuro cuando Ragnar y Ecbert se encuentran cara a cara.', 4, 'Ojo por ojo',2);

INSERT INTO usuario(tipo_usuario, id, isban, password, username, cuota) VALUES ('CUOTA', 0, 'ES0737483746583927364857', 'lokillo', 'bartolo', 20);
INSERT INTO usuario(tipo_usuario, id, isban, password, username, cuota) VALUES ('NORMAL', 1, 'ES0538475629329229382938', 'tobi56', 'zubi', 0);
INSERT INTO usuario(tipo_usuario, id, isban, password, username, cuota) VALUES ('NORMAL', 2, 'ES0746282828283776462738', 'harambe', 'grefusa', 0);